id,data_hora,valor,moeda,tipo_operacao,cliente_nome,cliente_documento,cliente_conta_origem,destino_instituicao,destino_chave_pix,seguranca_ip_origem,seguranca_dispositivo,metadata_source
TXB-998877000-BR,2026-01-27T13:00:00.000Z,"R$ 3344,69",BRL,PIX_SAIDA,  Roney Teste  ,45910120372,79616-5,Banco Central,auditoria@pix.com,189.10.25.0,iPhone,AWS_SA_EAST_1
TXB-998877001-BR,2026-01-27T13:01:00.000Z,3220.27,BRL,PIX_SAIDA,  Ana Silva  ,459.101.203-72,79616-5,Banco Central,auditoria@pix.com,189.10.25.1,iPhone,AZURE_BRAZIL_SOUTH
TXB-998877002-BR,2026-01-27T13:02:00.000Z,"R$ 237,33",BRL,PIX_SAIDA,  Carlos Souza  ,459.101.203-72,79616-5,Banco Central,auditoria@pix.com,189.10.25.2,iPhone,AWS_SA_EAST_1
TXB-998877003-BR,2026-01-27T13:03:00.000Z,4298.15,BRL,PIX_SAIDA,  Maria Oliveira  ,45910120372,79616-5,Banco Central,auditoria@pix.com,189.10.25.3,iPhone,AZURE_BRAZIL_SOUTH
TXB-998877004-BR,2026-01-27T13:04:00.000Z,"R$ 2575,31",BRL,PIX_SAIDA,  Ricardo Santos  ,459.101.203-72,79616-5,Banco Central,auditoria@pix.com,189.10.25.4,iPhone,AWS_SA_EAST_1
TXB-998877005-BR,2026-01-27T13:05:00.000Z,2734.49,BRL,PIX_SAIDA,  Bruno Lima  ,459.101.203-72,79616-5,Banco Central,auditoria@pix.com,189.10.25.5,iPhone,AZURE_BRAZIL_SOUTH
TXB-998877006-BR,2026-01-27T13:06:00.000Z,"R$ 1690,61",BRL,PIX_SAIDA,  Juliana Costa  ,45910120372,79616-5,Banco Central,auditoria@pix.com,189.10.25.6,iPhone,AWS_SA_EAST_1
TXB-998877007-BR,2026-01-27T13:07:00.000Z,4496.28,BRL,PIX_SAIDA,  Roney Teste  ,459.101.203-72,79616-5,Banco Central,auditoria@pix.com,189.10.25.7,iPhone,AZURE_BRAZIL_SOUTH
TXB-998877008-BR,2026-01-27T13:08:00.000Z,"R$ 1378,34",BRL,PIX_SAIDA,  Ana Silva  ,459.101.203-72,79616-5,Banco Central,auditoria@pix.com,189.10.25.8,iPhone,AWS_SA_EAST_1
TXB-998877009-BR,2026-01-27T13:09:00.000Z,2610.97,BRL,PIX_SAIDA,  Carlos Souza  ,45910120372,79616-5,Banco Central,auditoria@pix.com,189.10.25.9,iPhone,AZURE_BRAZIL_SOUTH
TXB-998877010-BR,2026-01-27T13:10:00.000Z,"R$ 2134,71",BRL,PIX_SAIDA,  Maria Oliveira  ,459.101.203-72,79616-5,Banco Central,auditoria@pix.com,189.10.25.10,iPhone,AWS_SA_EAST_1
TXB-998877011-BR,2026-01-27T13:11:00.000Z,395.07,BRL,PIX_SAIDA,  Ricardo Santos  ,459.101.203-72,79616-5,Banco Central,auditoria@pix.com,189.10.25.11,iPhone,AZURE_BRAZIL_SOUTH
TXB-998877012-BR,2026-01-27T13:12:00.000Z,"R$ 3900,36",BRL,PIX_SAIDA,  Bruno Lima  ,45910120372,79616-5,Banco Central,auditoria@pix.com,189.10.25.12,iPhone,AWS_SA_EAST_1
TXB-998877013-BR,2026-01-27T13:13:00.000Z,4865.91,BRL,PIX_SAIDA,  Juliana Costa  ,459.101.203-72,79616-5,Banco Central,auditoria@pix.com,189.10.25.13,iPhone,AZURE_BRAZIL_SOUTH
TXB-998877014-BR,2026-01-27T13:14:00.000Z,"R$ 2111,02",BRL,PIX_SAIDA,  Roney Teste  ,459.101.203-72,79616-5,Banco Central,auditoria@pix.com,189.10.25.14,iPhone,AWS_SA_EAST_1
TXB-998877015-BR,2026-01-27T13:15:00.000Z,3598.40,BRL,PIX_SAIDA,  Ana Silva  ,45910120372,79616-5,Banco Central,auditoria@pix.com,189.10.25.15,iPhone,AZURE_BRAZIL_SOUTH
TXB-998877016-BR,2026-01-27T13:16:00.000Z,"R$ 4557,61",BRL,PIX_SAIDA,  Carlos Souza  ,459.101.203-72,79616-5,Banco Central,auditoria@pix.com,189.10.25.16,iPhone,AWS_SA_EAST_1
TXB-998877017-BR,2026-01-27T13:17:00.000Z,4563.62,BRL,PIX_SAIDA,  Maria Oliveira  ,459.101.203-72,79616-5,Banco Central,auditoria@pix.com,189.10.25.17,iPhone,AZURE_BRAZIL_SOUTH
TXB-998877018-BR,2026-01-27T13:18:00.000Z,"R$ 602,02",BRL,PIX_SAIDA,  Ricardo Santos  ,45910120372,79616-5,Banco Central,auditoria@pix.com,189.10.25.18,iPhone,AWS_SA_EAST_1
TXB-998877019-BR,2026-01-27T13:19:00.000Z,4911.75,BRL,PIX_SAIDA,  Bruno Lima  ,459.101.203-72,79616-5,Banco Central,auditoria@pix.com,189.10.25.19,iPhone,AZURE_BRAZIL_SOUTH
TXB-998877020-BR,2026-01-27T13:20:00.000Z,"R$ 1290,31",BRL,PIX_SAIDA,  Juliana Costa  ,459.101.203-72,79616-5,Banco Central,auditoria@pix.com,189.10.25.20,iPhone,AWS_SA_EAST_1
TXB-998877021-BR,2026-01-27T13:21:00.000Z,4559.13,BRL,PIX_SAIDA,  Roney Teste  ,45910120372,79616-5,Banco Central,auditoria@pix.com,189.10.25.21,iPhone,AZURE_BRAZIL_SOUTH
TXB-998877022-BR,2026-01-27T13:22:00.000Z,"R$ 1550,24",BRL,PIX_SAIDA,  Ana Silva  ,459.101.203-72,79616-5,Banco Central,auditoria@pix.com,189.10.25.22,iPhone,AWS_SA_EAST_1
TXB-998877023-BR,2026-01-27T13:23:00.000Z,4501.76,BRL,PIX_SAIDA,  Carlos Souza  ,459.101.203-72,79616-5,Banco Central,auditoria@pix.com,189.10.25.23,iPhone,AZURE_BRAZIL_SOUTH
TXB-998877024-BR,2026-01-27T13:24:00.000Z,"R$ 2224,00",BRL,PIX_SAIDA,  Maria Oliveira  ,45910120372,79616-5,Banco Central,auditoria@pix.com,189.10.25.24,iPhone,AWS_SA_EAST_1
TXB-998877025-BR,2026-01-27T13:25:00.000Z,2822.69,BRL,PIX_SAIDA,  Ricardo Santos  ,459.101.203-72,79616-5,Banco Central,auditoria@pix.com,189.10.25.25,iPhone,AZURE_BRAZIL_SOUTH
TXB-998877026-BR,2026-01-27T13:26:00.000Z,"R$ 679,24",BRL,PIX_SAIDA,  Bruno Lima  ,459.101.203-72,79616-5,Banco Central,auditoria@pix.com,189.10.25.26,iPhone,AWS_SA_EAST_1
TXB-998877027-BR,2026-01-27T13:27:00.000Z,988.79,BRL,PIX_SAIDA,  Juliana Costa  ,45910120372,79616-5,Banco Central,auditoria@pix.com,189.10.25.27,iPhone,AZURE_BRAZIL_SOUTH
TXB-998877028-BR,2026-01-27T13:28:00.000Z,"R$ 3577,61",BRL,PIX_SAIDA,  Roney Teste  ,459.101.203-72,79616-5,Banco Central,auditoria@pix.com,189.10.25.28,iPhone,AWS_SA_EAST_1
TXB-998877029-BR,2026-01-27T13:29:00.000Z,1630.19,BRL,PIX_SAIDA,  Ana Silva  ,459.101.203-72,79616-5,Banco Central,auditoria@pix.com,189.10.25.29,iPhone,AZURE_BRAZIL_SOUTH
TXB-998877030-BR,2026-01-27T13:30:00.000Z,"R$ 2637,04",BRL,PIX_SAIDA,  Carlos Souza  ,45910120372,79616-5,Banco Central,auditoria@pix.com,189.10.25.30,iPhone,AWS_SA_EAST_1
TXB-998877031-BR,2026-01-27T13:31:00.000Z,3994.73,BRL,PIX_SAIDA,  Maria Oliveira  ,459.101.203-72,79616-5,Banco Central,auditoria@pix.com,189.10.25.31,iPhone,AZURE_BRAZIL_SOUTH
TXB-998877032-BR,2026-01-27T13:32:00.000Z,"R$ 3473,13",BRL,PIX_SAIDA,  Ricardo Santos  ,459.101.203-72,79616-5,Banco Central,auditoria@pix.com,189.10.25.32,iPhone,AWS_SA_EAST_1
TXB-998877033-BR,2026-01-27T13:33:00.000Z,3331.79,BRL,PIX_SAIDA,  Bruno Lima  ,45910120372,79616-5,Banco Central,auditoria@pix.com,189.10.25.33,iPhone,AZURE_BRAZIL_SOUTH
TXB-998877034-BR,2026-01-27T13:34:00.000Z,"R$ 1216,40",BRL,PIX_SAIDA,  Juliana Costa  ,459.101.203-72,79616-5,Banco Central,auditoria@pix.com,189.10.25.34,iPhone,AWS_SA_EAST_1
TXB-998877035-BR,2026-01-27T13:35:00.000Z,4698.63,BRL,PIX_SAIDA,  Roney Teste  ,459.101.203-72,79616-5,Banco Central,auditoria@pix.com,189.10.25.35,iPhone,AZURE_BRAZIL_SOUTH
TXB-998877036-BR,2026-01-27T13:36:00.000Z,"R$ 4827,88",BRL,PIX_SAIDA,  Ana Silva  ,45910120372,79616-5,Banco Central,auditoria@pix.com,189.10.25.36,iPhone,AWS_SA_EAST_1
TXB-998877037-BR,2026-01-27T13:37:00.000Z,4618.50,BRL,PIX_SAIDA,  Carlos Souza  ,459.101.203-72,79616-5,Banco Central,auditoria@pix.com,189.10.25.37,iPhone,AZURE_BRAZIL_SOUTH
TXB-998877038-BR,2026-01-27T13:38:00.000Z,"R$ 666,35",BRL,PIX_SAIDA,  Maria Oliveira  ,459.101.203-72,79616-5,Banco Central,auditoria@pix.com,189.10.25.38,iPhone,AWS_SA_EAST_1
TXB-998877039-BR,2026-01-27T13:39:00.000Z,4658.24,BRL,PIX_SAIDA,  Ricardo Santos  ,45910120372,79616-5,Banco Central,auditoria@pix.com,189.10.25.39,iPhone,AZURE_BRAZIL_SOUTH
TXB-998877040-BR,2026-01-27T13:40:00.000Z,"R$ 2370,60",BRL,PIX_SAIDA,  Bruno Lima  ,459.101.203-72,79616-5,Banco Central,auditoria@pix.com,189.10.25.40,iPhone,AWS_SA_EAST_1
TXB-998877041-BR,2026-01-27T13:41:00.000Z,2102.03,BRL,PIX_SAIDA,  Juliana Costa  ,459.101.203-72,79616-5,Banco Central,auditoria@pix.com,189.10.25.41,iPhone,AZURE_BRAZIL_SOUTH
TXB-998877042-BR,2026-01-27T13:42:00.000Z,"R$ 757,32",BRL,PIX_SAIDA,  Roney Teste  ,45910120372,79616-5,Banco Central,auditoria@pix.com,189.10.25.42,iPhone,AWS_SA_EAST_1
TXB-998877043-BR,2026-01-27T13:43:00.000Z,3668.88,BRL,PIX_SAIDA,  Ana Silva  ,459.101.203-72,79616-5,Banco Central,auditoria@pix.com,189.10.25.43,iPhone,AZURE_BRAZIL_SOUTH
TXB-998877044-BR,2026-01-27T13:44:00.000Z,"R$ 4565,23",BRL,PIX_SAIDA,  Carlos Souza  ,459.101.203-72,79616-5,Banco Central,auditoria@pix.com,189.10.25.44,iPhone,AWS_SA_EAST_1
TXB-998877045-BR,2026-01-27T13:45:00.000Z,808.49,BRL,PIX_SAIDA,  Maria Oliveira  ,45910120372,79616-5,Banco Central,auditoria@pix.com,189.10.25.45,iPhone,AZURE_BRAZIL_SOUTH
TXB-998877046-BR,2026-01-27T13:46:00.000Z,"R$ 4834,32",BRL,PIX_SAIDA,  Ricardo Santos  ,459.101.203-72,79616-5,Banco Central,auditoria@pix.com,189.10.25.46,iPhone,AWS_SA_EAST_1
TXB-998877047-BR,2026-01-27T13:47:00.000Z,1943.73,BRL,PIX_SAIDA,  Bruno Lima  ,459.101.203-72,79616-5,Banco Central,auditoria@pix.com,189.10.25.47,iPhone,AZURE_BRAZIL_SOUTH
TXB-998877048-BR,2026-01-27T13:48:00.000Z,"R$ 763,71",BRL,PIX_SAIDA,  Juliana Costa  ,45910120372,79616-5,Banco Central,auditoria@pix.com,189.10.25.48,iPhone,AWS_SA_EAST_1
TXB-998877049-BR,2026-01-27T13:49:00.000Z,2280.77,BRL,PIX_SAIDA,  Roney Teste  ,459.101.203-72,79616-5,Banco Central,auditoria@pix.com,189.10.25.49,iPhone,AZURE_BRAZIL_SOUTH
TXB-998877050-BR,2026-01-27T13:50:00.000Z,"R$ 4168,53",BRL,PIX_SAIDA,  Ana Silva  ,459.101.203-72,79616-5,Banco Central,auditoria@pix.com,189.10.25.50,iPhone,AWS_SA_EAST_1
TXB-998877051-BR,2026-01-27T13:51:00.000Z,3712.63,BRL,PIX_SAIDA,  Carlos Souza  ,45910120372,79616-5,Banco Central,auditoria@pix.com,189.10.25.51,iPhone,AZURE_BRAZIL_SOUTH
TXB-998877052-BR,2026-01-27T13:52:00.000Z,"R$ 2280,79",BRL,PIX_SAIDA,  Maria Oliveira  ,459.101.203-72,79616-5,Banco Central,auditoria@pix.com,189.10.25.52,iPhone,AWS_SA_EAST_1
TXB-998877053-BR,2026-01-27T13:53:00.000Z,4600.66,BRL,PIX_SAIDA,  Ricardo Santos  ,459.101.203-72,79616-5,Banco Central,auditoria@pix.com,189.10.25.53,iPhone,AZURE_BRAZIL_SOUTH
TXB-998877054-BR,2026-01-27T13:54:00.000Z,"R$ 3420,77",BRL,PIX_SAIDA,  Bruno Lima  ,45910120372,79616-5,Banco Central,auditoria@pix.com,189.10.25.54,iPhone,AWS_SA_EAST_1
TXB-998877055-BR,2026-01-27T13:55:00.000Z,2321.91,BRL,PIX_SAIDA,  Juliana Costa  ,459.101.203-72,79616-5,Banco Central,auditoria@pix.com,189.10.25.55,iPhone,AZURE_BRAZIL_SOUTH
TXB-998877056-BR,2026-01-27T13:56:00.000Z,"R$ 2943,01",BRL,PIX_SAIDA,  Roney Teste  ,459.101.203-72,79616-5,Banco Central,auditoria@pix.com,189.10.25.56,iPhone,AWS_SA_EAST_1
TXB-998877057-BR,2026-01-27T13:57:00.000Z,2196.98,BRL,PIX_SAIDA,  Ana Silva  ,45910120372,79616-5,Banco Central,auditoria@pix.com,189.10.25.57,iPhone,AZURE_BRAZIL_SOUTH
TXB-998877058-BR,2026-01-27T13:58:00.000Z,"R$ 3521,07",BRL,PIX_SAIDA,  Carlos Souza  ,459.101.203-72,79616-5,Banco Central,auditoria@pix.com,189.10.25.58,iPhone,AWS_SA_EAST_1
TXB-998877059-BR,2026-01-27T13:59:00.000Z,4772.46,BRL,PIX_SAIDA,  Maria Oliveira  ,459.101.203-72,79616-5,Banco Central,auditoria@pix.com,189.10.25.59,iPhone,AZURE_BRAZIL_SOUTH
TXB-998877060-BR,2026-01-27T14:00:00.000Z,"R$ 2242,03",BRL,PIX_SAIDA,  Ricardo Santos  ,45910120372,79616-5,Banco Central,auditoria@pix.com,189.10.25.60,iPhone,AWS_SA_EAST_1
TXB-998877061-BR,2026-01-27T14:01:00.000Z,1290.38,BRL,PIX_SAIDA,  Bruno Lima  ,459.101.203-72,79616-5,Banco Central,auditoria@pix.com,189.10.25.61,iPhone,AZURE_BRAZIL_SOUTH
TXB-998877062-BR,2026-01-27T14:02:00.000Z,"R$ 4227,27",BRL,PIX_SAIDA,  Juliana Costa  ,459.101.203-72,79616-5,Banco Central,auditoria@pix.com,189.10.25.62,iPhone,AWS_SA_EAST_1
TXB-998877063-BR,2026-01-27T14:03:00.000Z,1367.57,BRL,PIX_SAIDA,  Roney Teste  ,45910120372,79616-5,Banco Central,auditoria@pix.com,189.10.25.63,iPhone,AZURE_BRAZIL_SOUTH
TXB-998877064-BR,2026-01-27T14:04:00.000Z,"R$ 1324,39",BRL,PIX_SAIDA,  Ana Silva  ,459.101.203-72,79616-5,Banco Central,auditoria@pix.com,189.10.25.64,iPhone,AWS_SA_EAST_1
TXB-998877065-BR,2026-01-27T14:05:00.000Z,4431.54,BRL,PIX_SAIDA,  Carlos Souza  ,459.101.203-72,79616-5,Banco Central,auditoria@pix.com,189.10.25.65,iPhone,AZURE_BRAZIL_SOUTH
TXB-998877066-BR,2026-01-27T14:06:00.000Z,"R$ 2730,75",BRL,PIX_SAIDA,  Maria Oliveira  ,45910120372,79616-5,Banco Central,auditoria@pix.com,189.10.25.66,iPhone,AWS_SA_EAST_1
TXB-998877067-BR,2026-01-27T14:07:00.000Z,949.27,BRL,PIX_SAIDA,  Ricardo Santos  ,459.101.203-72,79616-5,Banco Central,auditoria@pix.com,189.10.25.67,iPhone,AZURE_BRAZIL_SOUTH
TXB-998877068-BR,2026-01-27T14:08:00.000Z,"R$ 3887,56",BRL,PIX_SAIDA,  Bruno Lima  ,459.101.203-72,79616-5,Banco Central,auditoria@pix.com,189.10.25.68,iPhone,AWS_SA_EAST_1
TXB-998877069-BR,2026-01-27T14:09:00.000Z,3664.28,BRL,PIX_SAIDA,  Juliana Costa  ,45910120372,79616-5,Banco Central,auditoria@pix.com,189.10.25.69,iPhone,AZURE_BRAZIL_SOUTH
TXB-998877070-BR,2026-01-27T14:10:00.000Z,"R$ 1801,81",BRL,PIX_SAIDA,  Roney Teste  ,459.101.203-72,79616-5,Banco Central,auditoria@pix.com,189.10.25.70,iPhone,AWS_SA_EAST_1
TXB-998877071-BR,2026-01-27T14:11:00.000Z,4916.08,BRL,PIX_SAIDA,  Ana Silva  ,459.101.203-72,79616-5,Banco Central,auditoria@pix.com,189.10.25.71,iPhone,AZURE_BRAZIL_SOUTH
TXB-998877072-BR,2026-01-27T14:12:00.000Z,"R$ 2066,47",BRL,PIX_SAIDA,  Carlos Souza  ,45910120372,79616-5,Banco Central,auditoria@pix.com,189.10.25.72,iPhone,AWS_SA_EAST_1
TXB-998877073-BR,2026-01-27T14:13:00.000Z,2859.71,BRL,PIX_SAIDA,  Maria Oliveira  ,459.101.203-72,79616-5,Banco Central,auditoria@pix.com,189.10.25.73,iPhone,AZURE_BRAZIL_SOUTH
TXB-998877074-BR,2026-01-27T14:14:00.000Z,"R$ 4810,12",BRL,PIX_SAIDA,  Ricardo Santos  ,459.101.203-72,79616-5,Banco Central,auditoria@pix.com,189.10.25.74,iPhone,AWS_SA_EAST_1
TXB-998877075-BR,2026-01-27T14:15:00.000Z,4189.51,BRL,PIX_SAIDA,  Bruno Lima  ,45910120372,79616-5,Banco Central,auditoria@pix.com,189.10.25.75,iPhone,AZURE_BRAZIL_SOUTH
TXB-998877076-BR,2026-01-27T14:16:00.000Z,"R$ 4046,44",BRL,PIX_SAIDA,  Juliana Costa  ,459.101.203-72,79616-5,Banco Central,auditoria@pix.com,189.10.25.76,iPhone,AWS_SA_EAST_1
TXB-998877077-BR,2026-01-27T14:17:00.000Z,1898.93,BRL,PIX_SAIDA,  Roney Teste  ,459.101.203-72,79616-5,Banco Central,auditoria@pix.com,189.10.25.77,iPhone,AZURE_BRAZIL_SOUTH
TXB-998877078-BR,2026-01-27T14:18:00.000Z,"R$ 1926,68",BRL,PIX_SAIDA,  Ana Silva  ,45910120372,79616-5,Banco Central,auditoria@pix.com,189.10.25.78,iPhone,AWS_SA_EAST_1
TXB-998877079-BR,2026-01-27T14:19:00.000Z,3501.30,BRL,PIX_SAIDA,  Carlos Souza  ,459.101.203-72,79616-5,Banco Central,auditoria@pix.com,189.10.25.79,iPhone,AZURE_BRAZIL_SOUTH
TXB-998877080-BR,2026-01-27T14:20:00.000Z,"R$ 620,13",BRL,PIX_SAIDA,  Maria Oliveira  ,459.101.203-72,79616-5,Banco Central,auditoria@pix.com,189.10.25.80,iPhone,AWS_SA_EAST_1
TXB-998877081-BR,2026-01-27T14:21:00.000Z,4882.14,BRL,PIX_SAIDA,  Ricardo Santos  ,45910120372,79616-5,Banco Central,auditoria@pix.com,189.10.25.81,iPhone,AZURE_BRAZIL_SOUTH
TXB-998877082-BR,2026-01-27T14:22:00.000Z,"R$ 571,54",BRL,PIX_SAIDA,  Bruno Lima  ,459.101.203-72,79616-5,Banco Central,auditoria@pix.com,189.10.25.82,iPhone,AWS_SA_EAST_1
TXB-998877083-BR,2026-01-27T14:23:00.000Z,3946.04,BRL,PIX_SAIDA,  Juliana Costa  ,459.101.203-72,79616-5,Banco Central,auditoria@pix.com,189.10.25.83,iPhone,AZURE_BRAZIL_SOUTH
TXB-998877084-BR,2026-01-27T14:24:00.000Z,"R$ 4871,42",BRL,PIX_SAIDA,  Roney Teste  ,45910120372,79616-5,Banco Central,auditoria@pix.com,189.10.25.84,iPhone,AWS_SA_EAST_1
TXB-998877085-BR,2026-01-27T14:25:00.000Z,3447.73,BRL,PIX_SAIDA,  Ana Silva  ,459.101.203-72,79616-5,Banco Central,auditoria@pix.com,189.10.25.85,iPhone,AZURE_BRAZIL_SOUTH
TXB-998877086-BR,2026-01-27T14:26:00.000Z,"R$ 314,46",BRL,PIX_SAIDA,  Carlos Souza  ,459.101.203-72,79616-5,Banco Central,auditoria@pix.com,189.10.25.86,iPhone,AWS_SA_EAST_1
TXB-998877087-BR,2026-01-27T14:27:00.000Z,2280.50,BRL,PIX_SAIDA,  Maria Oliveira  ,45910120372,79616-5,Banco Central,auditoria@pix.com,189.10.25.87,iPhone,AZURE_BRAZIL_SOUTH
TXB-998877088-BR,2026-01-27T14:28:00.000Z,"R$ 2590,57",BRL,PIX_SAIDA,  Ricardo Santos  ,459.101.203-72,79616-5,Banco Central,auditoria@pix.com,189.10.25.88,iPhone,AWS_SA_EAST_1
TXB-998877089-BR,2026-01-27T14:29:00.000Z,3004.86,BRL,PIX_SAIDA,  Bruno Lima  ,459.101.203-72,79616-5,Banco Central,auditoria@pix.com,189.10.25.89,iPhone,AZURE_BRAZIL_SOUTH
TXB-998877090-BR,2026-01-27T14:30:00.000Z,"R$ 2744,61",BRL,PIX_SAIDA,  Juliana Costa  ,45910120372,79616-5,Banco Central,auditoria@pix.com,189.10.25.90,iPhone,AWS_SA_EAST_1
TXB-998877091-BR,2026-01-27T14:31:00.000Z,4269.93,BRL,PIX_SAIDA,  Roney Teste  ,459.101.203-72,79616-5,Banco Central,auditoria@pix.com,189.10.25.91,iPhone,AZURE_BRAZIL_SOUTH
TXB-998877092-BR,2026-01-27T14:32:00.000Z,"R$ 4367,09",BRL,PIX_SAIDA,  Ana Silva  ,459.101.203-72,79616-5,Banco Central,auditoria@pix.com,189.10.25.92,iPhone,AWS_SA_EAST_1
TXB-998877093-BR,2026-01-27T14:33:00.000Z,3569.20,BRL,PIX_SAIDA,  Carlos Souza  ,45910120372,79616-5,Banco Central,auditoria@pix.com,189.10.25.93,iPhone,AZURE_BRAZIL_SOUTH
TXB-998877094-BR,2026-01-27T14:34:00.000Z,"R$ 642,88",BRL,PIX_SAIDA,  Maria Oliveira  ,459.101.203-72,79616-5,Banco Central,auditoria@pix.com,189.10.25.94,iPhone,AWS_SA_EAST_1
TXB-998877095-BR,2026-01-27T14:35:00.000Z,2158.23,BRL,PIX_SAIDA,  Ricardo Santos  ,459.101.203-72,79616-5,Banco Central,auditoria@pix.com,189.10.25.95,iPhone,AZURE_BRAZIL_SOUTH
TXB-998877096-BR,2026-01-27T14:36:00.000Z,"R$ 1787,76",BRL,PIX_SAIDA,  Bruno Lima  ,45910120372,79616-5,Banco Central,auditoria@pix.com,189.10.25.96,iPhone,AWS_SA_EAST_1
TXB-998877097-BR,2026-01-27T14:37:00.000Z,267.50,BRL,PIX_SAIDA,  Juliana Costa  ,459.101.203-72,79616-5,Banco Central,auditoria@pix.com,189.10.25.97,iPhone,AZURE_BRAZIL_SOUTH
TXB-998877098-BR,2026-01-27T14:38:00.000Z,"R$ 290,17",BRL,PIX_SAIDA,  Roney Teste  ,459.101.203-72,79616-5,Banco Central,auditoria@pix.com,189.10.25.98,iPhone,AWS_SA_EAST_1
TXB-998877099-BR,2026-01-27T14:39:00.000Z,3826.45,BRL,PIX_SAIDA,  Ana Silva  ,45910120372,79616-5,Banco Central,auditoria@pix.com,189.10.25.99,iPhone,AZURE_BRAZIL_SOUTH
TXB-998877100-BR,2026-01-27T14:40:00.000Z,"R$ 884,00",BRL,PIX_SAIDA,  Carlos Souza  ,459.101.203-72,79616-5,Banco Central,auditoria@pix.com,189.10.25.100,iPhone,AWS_SA_EAST_1
TXB-998877101-BR,2026-01-27T14:41:00.000Z,3457.71,BRL,PIX_SAIDA,  Maria Oliveira  ,459.101.203-72,79616-5,Banco Central,auditoria@pix.com,189.10.25.101,iPhone,AZURE_BRAZIL_SOUTH
TXB-998877102-BR,2026-01-27T14:42:00.000Z,"R$ 2135,90",BRL,PIX_SAIDA,  Ricardo Santos  ,45910120372,79616-5,Banco Central,auditoria@pix.com,189.10.25.102,iPhone,AWS_SA_EAST_1
TXB-998877103-BR,2026-01-27T14:43:00.000Z,1765.18,BRL,PIX_SAIDA,  Bruno Lima  ,459.101.203-72,79616-5,Banco Central,auditoria@pix.com,189.10.25.103,iPhone,AZURE_BRAZIL_SOUTH
TXB-998877104-BR,2026-01-27T14:44:00.000Z,"R$ 777,41",BRL,PIX_SAIDA,  Juliana Costa  ,459.101.203-72,79616-5,Banco Central,auditoria@pix.com,189.10.25.104,iPhone,AWS_SA_EAST_1
TXB-998877105-BR,2026-01-27T14:45:00.000Z,2087.68,BRL,PIX_SAIDA,  Roney Teste  ,45910120372,79616-5,Banco Central,auditoria@pix.com,189.10.25.105,iPhone,AZURE_BRAZIL_SOUTH
TXB-998877106-BR,2026-01-27T14:46:00.000Z,"R$ 480,16",BRL,PIX_SAIDA,  Ana Silva  ,459.101.203-72,79616-5,Banco Central,auditoria@pix.com,189.10.25.106,iPhone,AWS_SA_EAST_1
TXB-998877107-BR,2026-01-27T14:47:00.000Z,1390.56,BRL,PIX_SAIDA,  Carlos Souza  ,459.101.203-72,79616-5,Banco Central,auditoria@pix.com,189.10.25.107,iPhone,AZURE_BRAZIL_SOUTH
TXB-998877108-BR,2026-01-27T14:48:00.000Z,"R$ 4944,14",BRL,PIX_SAIDA,  Maria Oliveira  ,45910120372,79616-5,Banco Central,auditoria@pix.com,189.10.25.108,iPhone,AWS_SA_EAST_1
TXB-998877109-BR,2026-01-27T14:49:00.000Z,4627.92,BRL,PIX_SAIDA,  Ricardo Santos  ,459.101.203-72,79616-5,Banco Central,auditoria@pix.com,189.10.25.109,iPhone,AZURE_BRAZIL_SOUTH
TXB-998877110-BR,2026-01-27T14:50:00.000Z,"R$ 1497,09",BRL,PIX_SAIDA,  Bruno Lima  ,459.101.203-72,79616-5,Banco Central,auditoria@pix.com,189.10.25.110,iPhone,AWS_SA_EAST_1
TXB-998877111-BR,2026-01-27T14:51:00.000Z,1148.78,BRL,PIX_SAIDA,  Juliana Costa  ,45910120372,79616-5,Banco Central,auditoria@pix.com,189.10.25.111,iPhone,AZURE_BRAZIL_SOUTH
TXB-998877112-BR,2026-01-27T14:52:00.000Z,"R$ 2534,99",BRL,PIX_SAIDA,  Roney Teste  ,459.101.203-72,79616-5,Banco Central,auditoria@pix.com,189.10.25.112,iPhone,AWS_SA_EAST_1
TXB-998877113-BR,2026-01-27T14:53:00.000Z,3794.63,BRL,PIX_SAIDA,  Ana Silva  ,459.101.203-72,79616-5,Banco Central,auditoria@pix.com,189.10.25.113,iPhone,AZURE_BRAZIL_SOUTH
TXB-998877114-BR,2026-01-27T14:54:00.000Z,"R$ 1807,26",BRL,PIX_SAIDA,  Carlos Souza  ,45910120372,79616-5,Banco Central,auditoria@pix.com,189.10.25.114,iPhone,AWS_SA_EAST_1
TXB-998877115-BR,2026-01-27T14:55:00.000Z,2263.18,BRL,PIX_SAIDA,  Maria Oliveira  ,459.101.203-72,79616-5,Banco Central,auditoria@pix.com,189.10.25.115,iPhone,AZURE_BRAZIL_SOUTH
TXB-998877116-BR,2026-01-27T14:56:00.000Z,"R$ 4519,00",BRL,PIX_SAIDA,  Ricardo Santos  ,459.101.203-72,79616-5,Banco Central,auditoria@pix.com,189.10.25.116,iPhone,AWS_SA_EAST_1
TXB-998877117-BR,2026-01-27T14:57:00.000Z,4192.36,BRL,PIX_SAIDA,  Bruno Lima  ,45910120372,79616-5,Banco Central,auditoria@pix.com,189.10.25.117,iPhone,AZURE_BRAZIL_SOUTH
TXB-998877118-BR,2026-01-27T14:58:00.000Z,"R$ 3258,15",BRL,PIX_SAIDA,  Juliana Costa  ,459.101.203-72,79616-5,Banco Central,auditoria@pix.com,189.10.25.118,iPhone,AWS_SA_EAST_1
TXB-998877119-BR,2026-01-27T14:59:00.000Z,4928.09,BRL,PIX_SAIDA,  Roney Teste  ,459.101.203-72,79616-5,Banco Central,auditoria@pix.com,189.10.25.119,iPhone,AZURE_BRAZIL_SOUTH
TXB-998877120-BR,2026-01-27T15:00:00.000Z,"R$ 2655,36",BRL,PIX_SAIDA,  Ana Silva  ,45910120372,79616-5,Banco Central,auditoria@pix.com,189.10.25.120,iPhone,AWS_SA_EAST_1
TXB-998877121-BR,2026-01-27T15:01:00.000Z,2385.06,BRL,PIX_SAIDA,  Carlos Souza  ,459.101.203-72,79616-5,Banco Central,auditoria@pix.com,189.10.25.121,iPhone,AZURE_BRAZIL_SOUTH
TXB-998877122-BR,2026-01-27T15:02:00.000Z,"R$ 2860,42",BRL,PIX_SAIDA,  Maria Oliveira  ,459.101.203-72,79616-5,Banco Central,auditoria@pix.com,189.10.25.122,iPhone,AWS_SA_EAST_1
TXB-998877123-BR,2026-01-27T15:03:00.000Z,4509.80,BRL,PIX_SAIDA,  Ricardo Santos  ,45910120372,79616-5,Banco Central,auditoria@pix.com,189.10.25.123,iPhone,AZURE_BRAZIL_SOUTH
TXB-998877124-BR,2026-01-27T15:04:00.000Z,"R$ 3108,58",BRL,PIX_SAIDA,  Bruno Lima  ,459.101.203-72,79616-5,Banco Central,auditoria@pix.com,189.10.25.124,iPhone,AWS_SA_EAST_1
TXB-998877125-BR,2026-01-27T15:05:00.000Z,866.74,BRL,PIX_SAIDA,  Juliana Costa  ,459.101.203-72,79616-5,Banco Central,auditoria@pix.com,189.10.25.125,iPhone,AZURE_BRAZIL_SOUTH
TXB-998877126-BR,2026-01-27T15:06:00.000Z,"R$ 1644,32",BRL,PIX_SAIDA,  Roney Teste  ,45910120372,79616-5,Banco Central,auditoria@pix.com,189.10.25.126,iPhone,AWS_SA_EAST_1
TXB-998877127-BR,2026-01-27T15:07:00.000Z,4683.24,BRL,PIX_SAIDA,  Ana Silva  ,459.101.203-72,79616-5,Banco Central,auditoria@pix.com,189.10.25.127,iPhone,AZURE_BRAZIL_SOUTH
TXB-998877128-BR,2026-01-27T15:08:00.000Z,"R$ 1796,50",BRL,PIX_SAIDA,  Carlos Souza  ,459.101.203-72,79616-5,Banco Central,auditoria@pix.com,189.10.25.128,iPhone,AWS_SA_EAST_1
TXB-998877129-BR,2026-01-27T15:09:00.000Z,1040.09,BRL,PIX_SAIDA,  Maria Oliveira  ,45910120372,79616-5,Banco Central,auditoria@pix.com,189.10.25.129,iPhone,AZURE_BRAZIL_SOUTH
TXB-998877130-BR,2026-01-27T15:10:00.000Z,"R$ 1926,16",BRL,PIX_SAIDA,  Ricardo Santos  ,459.101.203-72,79616-5,Banco Central,auditoria@pix.com,189.10.25.130,iPhone,AWS_SA_EAST_1
TXB-998877131-BR,2026-01-27T15:11:00.000Z,179.45,BRL,PIX_SAIDA,  Bruno Lima  ,459.101.203-72,79616-5,Banco Central,auditoria@pix.com,189.10.25.131,iPhone,AZURE_BRAZIL_SOUTH
TXB-998877132-BR,2026-01-27T15:12:00.000Z,"R$ 4604,22",BRL,PIX_SAIDA,  Juliana Costa  ,45910120372,79616-5,Banco Central,auditoria@pix.com,189.10.25.132,iPhone,AWS_SA_EAST_1
TXB-998877133-BR,2026-01-27T15:13:00.000Z,1555.46,BRL,PIX_SAIDA,  Roney Teste  ,459.101.203-72,79616-5,Banco Central,auditoria@pix.com,189.10.25.133,iPhone,AZURE_BRAZIL_SOUTH
TXB-998877134-BR,2026-01-27T15:14:00.000Z,"R$ 894,00",BRL,PIX_SAIDA,  Ana Silva  ,459.101.203-72,79616-5,Banco Central,auditoria@pix.com,189.10.25.134,iPhone,AWS_SA_EAST_1
TXB-998877135-BR,2026-01-27T15:15:00.000Z,3656.16,BRL,PIX_SAIDA,  Carlos Souza  ,45910120372,79616-5,Banco Central,auditoria@pix.com,189.10.25.135,iPhone,AZURE_BRAZIL_SOUTH
TXB-998877136-BR,2026-01-27T15:16:00.000Z,"R$ 4997,78",BRL,PIX_SAIDA,  Maria Oliveira  ,459.101.203-72,79616-5,Banco Central,auditoria@pix.com,189.10.25.136,iPhone,AWS_SA_EAST_1
TXB-998877137-BR,2026-01-27T15:17:00.000Z,4421.95,BRL,PIX_SAIDA,  Ricardo Santos  ,459.101.203-72,79616-5,Banco Central,auditoria@pix.com,189.10.25.137,iPhone,AZURE_BRAZIL_SOUTH
TXB-998877138-BR,2026-01-27T15:18:00.000Z,"R$ 1704,42",BRL,PIX_SAIDA,  Bruno Lima  ,45910120372,79616-5,Banco Central,auditoria@pix.com,189.10.25.138,iPhone,AWS_SA_EAST_1
TXB-998877139-BR,2026-01-27T15:19:00.000Z,1884.92,BRL,PIX_SAIDA,  Juliana Costa  ,459.101.203-72,79616-5,Banco Central,auditoria@pix.com,189.10.25.139,iPhone,AZURE_BRAZIL_SOUTH
TXB-998877140-BR,2026-01-27T15:20:00.000Z,"R$ 991,86",BRL,PIX_SAIDA,  Roney Teste  ,459.101.203-72,79616-5,Banco Central,auditoria@pix.com,189.10.25.140,iPhone,AWS_SA_EAST_1
TXB-998877141-BR,2026-01-27T15:21:00.000Z,4731.29,BRL,PIX_SAIDA,  Ana Silva  ,45910120372,79616-5,Banco Central,auditoria@pix.com,189.10.25.141,iPhone,AZURE_BRAZIL_SOUTH
TXB-998877142-BR,2026-01-27T15:22:00.000Z,"R$ 3161,44",BRL,PIX_SAIDA,  Carlos Souza  ,459.101.203-72,79616-5,Banco Central,auditoria@pix.com,189.10.25.142,iPhone,AWS_SA_EAST_1
TXB-998877143-BR,2026-01-27T15:23:00.000Z,912.18,BRL,PIX_SAIDA,  Maria Oliveira  ,459.101.203-72,79616-5,Banco Central,auditoria@pix.com,189.10.25.143,iPhone,AZURE_BRAZIL_SOUTH
TXB-998877144-BR,2026-01-27T15:24:00.000Z,"R$ 2539,61",BRL,PIX_SAIDA,  Ricardo Santos  ,45910120372,79616-5,Banco Central,auditoria@pix.com,189.10.25.144,iPhone,AWS_SA_EAST_1
TXB-998877145-BR,2026-01-27T15:25:00.000Z,411.78,BRL,PIX_SAIDA,  Bruno Lima  ,459.101.203-72,79616-5,Banco Central,auditoria@pix.com,189.10.25.145,iPhone,AZURE_BRAZIL_SOUTH
TXB-998877146-BR,2026-01-27T15:26:00.000Z,"R$ 2966,43",BRL,PIX_SAIDA,  Juliana Costa  ,459.101.203-72,79616-5,Banco Central,auditoria@pix.com,189.10.25.146,iPhone,AWS_SA_EAST_1
TXB-998877147-BR,2026-01-27T15:27:00.000Z,3593.21,BRL,PIX_SAIDA,  Roney Teste  ,45910120372,79616-5,Banco Central,auditoria@pix.com,189.10.25.147,iPhone,AZURE_BRAZIL_SOUTH
TXB-998877148-BR,2026-01-27T15:28:00.000Z,"R$ 730,24",BRL,PIX_SAIDA,  Ana Silva  ,459.101.203-72,79616-5,Banco Central,auditoria@pix.com,189.10.25.148,iPhone,AWS_SA_EAST_1
TXB-998877149-BR,2026-01-27T15:29:00.000Z,3313.77,BRL,PIX_SAIDA,  Carlos Souza  ,459.101.203-72,79616-5,Banco Central,auditoria@pix.com,189.10.25.149,iPhone,AZURE_BRAZIL_SOUTH
TXB-998877150-BR,2026-01-27T15:30:00.000Z,"R$ 2273,25",BRL,PIX_SAIDA,  Maria Oliveira  ,45910120372,79616-5,Banco Central,auditoria@pix.com,189.10.25.150,iPhone,AWS_SA_EAST_1
TXB-998877151-BR,2026-01-27T15:31:00.000Z,2700.77,BRL,PIX_SAIDA,  Ricardo Santos  ,459.101.203-72,79616-5,Banco Central,auditoria@pix.com,189.10.25.151,iPhone,AZURE_BRAZIL_SOUTH
TXB-998877152-BR,2026-01-27T15:32:00.000Z,"R$ 338,29",BRL,PIX_SAIDA,  Bruno Lima  ,459.101.203-72,79616-5,Banco Central,auditoria@pix.com,189.10.25.152,iPhone,AWS_SA_EAST_1
TXB-998877153-BR,2026-01-27T15:33:00.000Z,3095.30,BRL,PIX_SAIDA,  Juliana Costa  ,45910120372,79616-5,Banco Central,auditoria@pix.com,189.10.25.153,iPhone,AZURE_BRAZIL_SOUTH
TXB-998877154-BR,2026-01-27T15:34:00.000Z,"R$ 1137,01",BRL,PIX_SAIDA,  Roney Teste  ,459.101.203-72,79616-5,Banco Central,auditoria@pix.com,189.10.25.154,iPhone,AWS_SA_EAST_1
TXB-998877155-BR,2026-01-27T15:35:00.000Z,2650.85,BRL,PIX_SAIDA,  Ana Silva  ,459.101.203-72,79616-5,Banco Central,auditoria@pix.com,189.10.25.155,iPhone,AZURE_BRAZIL_SOUTH
TXB-998877156-BR,2026-01-27T15:36:00.000Z,"R$ 2559,00",BRL,PIX_SAIDA,  Carlos Souza  ,45910120372,79616-5,Banco Central,auditoria@pix.com,189.10.25.156,iPhone,AWS_SA_EAST_1
TXB-998877157-BR,2026-01-27T15:37:00.000Z,4932.53,BRL,PIX_SAIDA,  Maria Oliveira  ,459.101.203-72,79616-5,Banco Central,auditoria@pix.com,189.10.25.157,iPhone,AZURE_BRAZIL_SOUTH
TXB-998877158-BR,2026-01-27T15:38:00.000Z,"R$ 4935,03",BRL,PIX_SAIDA,  Ricardo Santos  ,459.101.203-72,79616-5,Banco Central,auditoria@pix.com,189.10.25.158,iPhone,AWS_SA_EAST_1
TXB-998877159-BR,2026-01-27T15:39:00.000Z,2544.85,BRL,PIX_SAIDA,  Bruno Lima  ,45910120372,79616-5,Banco Central,auditoria@pix.com,189.10.25.159,iPhone,AZURE_BRAZIL_SOUTH
TXB-998877160-BR,2026-01-27T15:40:00.000Z,"R$ 2068,77",BRL,PIX_SAIDA,  Juliana Costa  ,459.101.203-72,79616-5,Banco Central,auditoria@pix.com,189.10.25.160,iPhone,AWS_SA_EAST_1
TXB-998877161-BR,2026-01-27T15:41:00.000Z,4864.99,BRL,PIX_SAIDA,  Roney Teste  ,459.101.203-72,79616-5,Banco Central,auditoria@pix.com,189.10.25.161,iPhone,AZURE_BRAZIL_SOUTH
TXB-998877162-BR,2026-01-27T15:42:00.000Z,"R$ 1613,02",BRL,PIX_SAIDA,  Ana Silva  ,45910120372,79616-5,Banco Central,auditoria@pix.com,189.10.25.162,iPhone,AWS_SA_EAST_1
TXB-998877163-BR,2026-01-27T15:43:00.000Z,3436.97,BRL,PIX_SAIDA,  Carlos Souza  ,459.101.203-72,79616-5,Banco Central,auditoria@pix.com,189.10.25.163,iPhone,AZURE_BRAZIL_SOUTH
TXB-998877164-BR,2026-01-27T15:44:00.000Z,"R$ 696,92",BRL,PIX_SAIDA,  Maria Oliveira  ,459.101.203-72,79616-5,Banco Central,auditoria@pix.com,189.10.25.164,iPhone,AWS_SA_EAST_1
TXB-998877165-BR,2026-01-27T15:45:00.000Z,2996.04,BRL,PIX_SAIDA,  Ricardo Santos  ,45910120372,79616-5,Banco Central,auditoria@pix.com,189.10.25.165,iPhone,AZURE_BRAZIL_SOUTH
TXB-998877166-BR,2026-01-27T15:46:00.000Z,"R$ 4860,15",BRL,PIX_SAIDA,  Bruno Lima  ,459.101.203-72,79616-5,Banco Central,auditoria@pix.com,189.10.25.166,iPhone,AWS_SA_EAST_1
TXB-998877167-BR,2026-01-27T15:47:00.000Z,2527.39,BRL,PIX_SAIDA,  Juliana Costa  ,459.101.203-72,79616-5,Banco Central,auditoria@pix.com,189.10.25.167,iPhone,AZURE_BRAZIL_SOUTH
TXB-998877168-BR,2026-01-27T15:48:00.000Z,"R$ 981,53",BRL,PIX_SAIDA,  Roney Teste  ,45910120372,79616-5,Banco Central,auditoria@pix.com,189.10.25.168,iPhone,AWS_SA_EAST_1
TXB-998877169-BR,2026-01-27T15:49:00.000Z,938.91,BRL,PIX_SAIDA,  Ana Silva  ,459.101.203-72,79616-5,Banco Central,auditoria@pix.com,189.10.25.169,iPhone,AZURE_BRAZIL_SOUTH
TXB-998877170-BR,2026-01-27T15:50:00.000Z,"R$ 566,94",BRL,PIX_SAIDA,  Carlos Souza  ,459.101.203-72,79616-5,Banco Central,auditoria@pix.com,189.10.25.170,iPhone,AWS_SA_EAST_1
TXB-998877171-BR,2026-01-27T15:51:00.000Z,292.76,BRL,PIX_SAIDA,  Maria Oliveira  ,45910120372,79616-5,Banco Central,auditoria@pix.com,189.10.25.171,iPhone,AZURE_BRAZIL_SOUTH
TXB-998877172-BR,2026-01-27T15:52:00.000Z,"R$ 201,31",BRL,PIX_SAIDA,  Ricardo Santos  ,459.101.203-72,79616-5,Banco Central,auditoria@pix.com,189.10.25.172,iPhone,AWS_SA_EAST_1
TXB-998877173-BR,2026-01-27T15:53:00.000Z,3920.40,BRL,PIX_SAIDA,  Bruno Lima  ,459.101.203-72,79616-5,Banco Central,auditoria@pix.com,189.10.25.173,iPhone,AZURE_BRAZIL_SOUTH
TXB-998877174-BR,2026-01-27T15:54:00.000Z,"R$ 4898,30",BRL,PIX_SAIDA,  Juliana Costa  ,45910120372,79616-5,Banco Central,auditoria@pix.com,189.10.25.174,iPhone,AWS_SA_EAST_1
TXB-998877175-BR,2026-01-27T15:55:00.000Z,360.10,BRL,PIX_SAIDA,  Roney Teste  ,459.101.203-72,79616-5,Banco Central,auditoria@pix.com,189.10.25.175,iPhone,AZURE_BRAZIL_SOUTH
TXB-998877176-BR,2026-01-27T15:56:00.000Z,"R$ 2114,98",BRL,PIX_SAIDA,  Ana Silva  ,459.101.203-72,79616-5,Banco Central,auditoria@pix.com,189.10.25.176,iPhone,AWS_SA_EAST_1
TXB-998877177-BR,2026-01-27T15:57:00.000Z,1138.95,BRL,PIX_SAIDA,  Carlos Souza  ,45910120372,79616-5,Banco Central,auditoria@pix.com,189.10.25.177,iPhone,AZURE_BRAZIL_SOUTH
TXB-998877178-BR,2026-01-27T15:58:00.000Z,"R$ 213,11",BRL,PIX_SAIDA,  Maria Oliveira  ,459.101.203-72,79616-5,Banco Central,auditoria@pix.com,189.10.25.178,iPhone,AWS_SA_EAST_1
TXB-998877179-BR,2026-01-27T15:59:00.000Z,4723.62,BRL,PIX_SAIDA,  Ricardo Santos  ,459.101.203-72,79616-5,Banco Central,auditoria@pix.com,189.10.25.179,iPhone,AZURE_BRAZIL_SOUTH
TXB-998877180-BR,2026-01-27T16:00:00.000Z,"R$ 2664,93",BRL,PIX_SAIDA,  Bruno Lima  ,45910120372,79616-5,Banco Central,auditoria@pix.com,189.10.25.180,iPhone,AWS_SA_EAST_1
TXB-998877181-BR,2026-01-27T16:01:00.000Z,3462.34,BRL,PIX_SAIDA,  Juliana Costa  ,459.101.203-72,79616-5,Banco Central,auditoria@pix.com,189.10.25.181,iPhone,AZURE_BRAZIL_SOUTH
TXB-998877182-BR,2026-01-27T16:02:00.000Z,"R$ 4996,50",BRL,PIX_SAIDA,  Roney Teste  ,459.101.203-72,79616-5,Banco Central,auditoria@pix.com,189.10.25.182,iPhone,AWS_SA_EAST_1
TXB-998877183-BR,2026-01-27T16:03:00.000Z,3766.24,BRL,PIX_SAIDA,  Ana Silva  ,45910120372,79616-5,Banco Central,auditoria@pix.com,189.10.25.183,iPhone,AZURE_BRAZIL_SOUTH
TXB-998877184-BR,2026-01-27T16:04:00.000Z,"R$ 1903,36",BRL,PIX_SAIDA,  Carlos Souza  ,459.101.203-72,79616-5,Banco Central,auditoria@pix.com,189.10.25.184,iPhone,AWS_SA_EAST_1
TXB-998877185-BR,2026-01-27T16:05:00.000Z,577.93,BRL,PIX_SAIDA,  Maria Oliveira  ,459.101.203-72,79616-5,Banco Central,auditoria@pix.com,189.10.25.185,iPhone,AZURE_BRAZIL_SOUTH
TXB-998877186-BR,2026-01-27T16:06:00.000Z,"R$ 3094,89",BRL,PIX_SAIDA,  Ricardo Santos  ,45910120372,79616-5,Banco Central,auditoria@pix.com,189.10.25.186,iPhone,AWS_SA_EAST_1
TXB-998877187-BR,2026-01-27T16:07:00.000Z,4323.56,BRL,PIX_SAIDA,  Bruno Lima  ,459.101.203-72,79616-5,Banco Central,auditoria@pix.com,189.10.25.187,iPhone,AZURE_BRAZIL_SOUTH
TXB-998877188-BR,2026-01-27T16:08:00.000Z,"R$ 605,96",BRL,PIX_SAIDA,  Juliana Costa  ,459.101.203-72,79616-5,Banco Central,auditoria@pix.com,189.10.25.188,iPhone,AWS_SA_EAST_1
TXB-998877189-BR,2026-01-27T16:09:00.000Z,1353.55,BRL,PIX_SAIDA,  Roney Teste  ,45910120372,79616-5,Banco Central,auditoria@pix.com,189.10.25.189,iPhone,AZURE_BRAZIL_SOUTH
TXB-998877190-BR,2026-01-27T16:10:00.000Z,"R$ 2353,46",BRL,PIX_SAIDA,  Ana Silva  ,459.101.203-72,79616-5,Banco Central,auditoria@pix.com,189.10.25.190,iPhone,AWS_SA_EAST_1
TXB-998877191-BR,2026-01-27T16:11:00.000Z,639.30,BRL,PIX_SAIDA,  Carlos Souza  ,459.101.203-72,79616-5,Banco Central,auditoria@pix.com,189.10.25.191,iPhone,AZURE_BRAZIL_SOUTH
TXB-998877192-BR,2026-01-27T16:12:00.000Z,"R$ 1475,88",BRL,PIX_SAIDA,  Maria Oliveira  ,45910120372,79616-5,Banco Central,auditoria@pix.com,189.10.25.192,iPhone,AWS_SA_EAST_1
TXB-998877193-BR,2026-01-27T16:13:00.000Z,670.60,BRL,PIX_SAIDA,  Ricardo Santos  ,459.101.203-72,79616-5,Banco Central,auditoria@pix.com,189.10.25.193,iPhone,AZURE_BRAZIL_SOUTH
TXB-998877194-BR,2026-01-27T16:14:00.000Z,"R$ 3409,21",BRL,PIX_SAIDA,  Bruno Lima  ,459.101.203-72,79616-5,Banco Central,auditoria@pix.com,189.10.25.194,iPhone,AWS_SA_EAST_1
TXB-998877195-BR,2026-01-27T16:15:00.000Z,4725.69,BRL,PIX_SAIDA,  Juliana Costa  ,45910120372,79616-5,Banco Central,auditoria@pix.com,189.10.25.195,iPhone,AZURE_BRAZIL_SOUTH
TXB-998877196-BR,2026-01-27T16:16:00.000Z,"R$ 3242,02",BRL,PIX_SAIDA,  Roney Teste  ,459.101.203-72,79616-5,Banco Central,auditoria@pix.com,189.10.25.196,iPhone,AWS_SA_EAST_1
TXB-998877197-BR,2026-01-27T16:17:00.000Z,116.47,BRL,PIX_SAIDA,  Ana Silva  ,459.101.203-72,79616-5,Banco Central,auditoria@pix.com,189.10.25.197,iPhone,AZURE_BRAZIL_SOUTH
TXB-998877198-BR,2026-01-27T16:18:00.000Z,"R$ 2574,63",BRL,PIX_SAIDA,  Carlos Souza  ,45910120372,79616-5,Banco Central,auditoria@pix.com,189.10.25.198,iPhone,AWS_SA_EAST_1
TXB-998877199-BR,2026-01-27T16:19:00.000Z,2408.07,BRL,PIX_SAIDA,  Maria Oliveira  ,459.101.203-72,79616-5,Banco Central,auditoria@pix.com,189.10.25.199,iPhone,AZURE_BRAZIL_SOUTH
TXB-998877200-BR,2026-01-27T16:20:00.000Z,"R$ 930,01",BRL,PIX_SAIDA,  Ricardo Santos  ,459.101.203-72,79616-5,Banco Central,auditoria@pix.com,189.10.25.200,iPhone,AWS_SA_EAST_1
TXB-998877201-BR,2026-01-27T16:21:00.000Z,207.63,BRL,PIX_SAIDA,  Bruno Lima  ,45910120372,79616-5,Banco Central,auditoria@pix.com,189.10.25.201,iPhone,AZURE_BRAZIL_SOUTH
TXB-998877202-BR,2026-01-27T16:22:00.000Z,"R$ 2811,76",BRL,PIX_SAIDA,  Juliana Costa  ,459.101.203-72,79616-5,Banco Central,auditoria@pix.com,189.10.25.202,iPhone,AWS_SA_EAST_1
TXB-998877203-BR,2026-01-27T16:23:00.000Z,4547.73,BRL,PIX_SAIDA,  Roney Teste  ,459.101.203-72,79616-5,Banco Central,auditoria@pix.com,189.10.25.203,iPhone,AZURE_BRAZIL_SOUTH
TXB-998877204-BR,2026-01-27T16:24:00.000Z,"R$ 2422,99",BRL,PIX_SAIDA,  Ana Silva  ,45910120372,79616-5,Banco Central,auditoria@pix.com,189.10.25.204,iPhone,AWS_SA_EAST_1
TXB-998877205-BR,2026-01-27T16:25:00.000Z,3332.65,BRL,PIX_SAIDA,  Carlos Souza  ,459.101.203-72,79616-5,Banco Central,auditoria@pix.com,189.10.25.205,iPhone,AZURE_BRAZIL_SOUTH
TXB-998877206-BR,2026-01-27T16:26:00.000Z,"R$ 771,60",BRL,PIX_SAIDA,  Maria Oliveira  ,459.101.203-72,79616-5,Banco Central,auditoria@pix.com,189.10.25.206,iPhone,AWS_SA_EAST_1
TXB-998877207-BR,2026-01-27T16:27:00.000Z,91.99,BRL,PIX_SAIDA,  Ricardo Santos  ,45910120372,79616-5,Banco Central,auditoria@pix.com,189.10.25.207,iPhone,AZURE_BRAZIL_SOUTH
TXB-998877208-BR,2026-01-27T16:28:00.000Z,"R$ 4651,26",BRL,PIX_SAIDA,  Bruno Lima  ,459.101.203-72,79616-5,Banco Central,auditoria@pix.com,189.10.25.208,iPhone,AWS_SA_EAST_1
TXB-998877209-BR,2026-01-27T16:29:00.000Z,1254.32,BRL,PIX_SAIDA,  Juliana Costa  ,459.101.203-72,79616-5,Banco Central,auditoria@pix.com,189.10.25.209,iPhone,AZURE_BRAZIL_SOUTH
TXB-998877210-BR,2026-01-27T16:30:00.000Z,"R$ 870,35",BRL,PIX_SAIDA,  Roney Teste  ,45910120372,79616-5,Banco Central,auditoria@pix.com,189.10.25.210,iPhone,AWS_SA_EAST_1
TXB-998877211-BR,2026-01-27T16:31:00.000Z,4987.32,BRL,PIX_SAIDA,  Ana Silva  ,459.101.203-72,79616-5,Banco Central,auditoria@pix.com,189.10.25.211,iPhone,AZURE_BRAZIL_SOUTH
TXB-998877212-BR,2026-01-27T16:32:00.000Z,"R$ 3876,79",BRL,PIX_SAIDA,  Carlos Souza  ,459.101.203-72,79616-5,Banco Central,auditoria@pix.com,189.10.25.212,iPhone,AWS_SA_EAST_1
TXB-998877213-BR,2026-01-27T16:33:00.000Z,2899.31,BRL,PIX_SAIDA,  Maria Oliveira  ,45910120372,79616-5,Banco Central,auditoria@pix.com,189.10.25.213,iPhone,AZURE_BRAZIL_SOUTH
TXB-998877214-BR,2026-01-27T16:34:00.000Z,"R$ 729,14",BRL,PIX_SAIDA,  Ricardo Santos  ,459.101.203-72,79616-5,Banco Central,auditoria@pix.com,189.10.25.214,iPhone,AWS_SA_EAST_1
TXB-998877215-BR,2026-01-27T16:35:00.000Z,3505.65,BRL,PIX_SAIDA,  Bruno Lima  ,459.101.203-72,79616-5,Banco Central,auditoria@pix.com,189.10.25.215,iPhone,AZURE_BRAZIL_SOUTH
TXB-998877216-BR,2026-01-27T16:36:00.000Z,"R$ 939,89",BRL,PIX_SAIDA,  Juliana Costa  ,45910120372,79616-5,Banco Central,auditoria@pix.com,189.10.25.216,iPhone,AWS_SA_EAST_1
TXB-998877217-BR,2026-01-27T16:37:00.000Z,1416.82,BRL,PIX_SAIDA,  Roney Teste  ,459.101.203-72,79616-5,Banco Central,auditoria@pix.com,189.10.25.217,iPhone,AZURE_BRAZIL_SOUTH
TXB-998877218-BR,2026-01-27T16:38:00.000Z,"R$ 2862,00",BRL,PIX_SAIDA,  Ana Silva  ,459.101.203-72,79616-5,Banco Central,auditoria@pix.com,189.10.25.218,iPhone,AWS_SA_EAST_1
TXB-998877219-BR,2026-01-27T16:39:00.000Z,1308.16,BRL,PIX_SAIDA,  Carlos Souza  ,45910120372,79616-5,Banco Central,auditoria@pix.com,189.10.25.219,iPhone,AZURE_BRAZIL_SOUTH
TXB-998877220-BR,2026-01-27T16:40:00.000Z,"R$ 3202,91",BRL,PIX_SAIDA,  Maria Oliveira  ,459.101.203-72,79616-5,Banco Central,auditoria@pix.com,189.10.25.220,iPhone,AWS_SA_EAST_1
TXB-998877221-BR,2026-01-27T16:41:00.000Z,4938.17,BRL,PIX_SAIDA,  Ricardo Santos  ,459.101.203-72,79616-5,Banco Central,auditoria@pix.com,189.10.25.221,iPhone,AZURE_BRAZIL_SOUTH
TXB-998877222-BR,2026-01-27T16:42:00.000Z,"R$ 1409,46",BRL,PIX_SAIDA,  Bruno Lima  ,45910120372,79616-5,Banco Central,auditoria@pix.com,189.10.25.222,iPhone,AWS_SA_EAST_1
TXB-998877223-BR,2026-01-27T16:43:00.000Z,4015.26,BRL,PIX_SAIDA,  Juliana Costa  ,459.101.203-72,79616-5,Banco Central,auditoria@pix.com,189.10.25.223,iPhone,AZURE_BRAZIL_SOUTH
TXB-998877224-BR,2026-01-27T16:44:00.000Z,"R$ 107,92",BRL,PIX_SAIDA,  Roney Teste  ,459.101.203-72,79616-5,Banco Central,auditoria@pix.com,189.10.25.224,iPhone,AWS_SA_EAST_1
TXB-998877225-BR,2026-01-27T16:45:00.000Z,3825.16,BRL,PIX_SAIDA,  Ana Silva  ,45910120372,79616-5,Banco Central,auditoria@pix.com,189.10.25.225,iPhone,AZURE_BRAZIL_SOUTH
TXB-998877226-BR,2026-01-27T16:46:00.000Z,"R$ 319,06",BRL,PIX_SAIDA,  Carlos Souza  ,459.101.203-72,79616-5,Banco Central,auditoria@pix.com,189.10.25.226,iPhone,AWS_SA_EAST_1
TXB-998877227-BR,2026-01-27T16:47:00.000Z,2731.84,BRL,PIX_SAIDA,  Maria Oliveira  ,459.101.203-72,79616-5,Banco Central,auditoria@pix.com,189.10.25.227,iPhone,AZURE_BRAZIL_SOUTH
TXB-998877228-BR,2026-01-27T16:48:00.000Z,"R$ 94,27",BRL,PIX_SAIDA,  Ricardo Santos  ,45910120372,79616-5,Banco Central,auditoria@pix.com,189.10.25.228,iPhone,AWS_SA_EAST_1
TXB-998877229-BR,2026-01-27T16:49:00.000Z,846.68,BRL,PIX_SAIDA,  Bruno Lima  ,459.101.203-72,79616-5,Banco Central,auditoria@pix.com,189.10.25.229,iPhone,AZURE_BRAZIL_SOUTH
TXB-998877230-BR,2026-01-27T16:50:00.000Z,"R$ 1187,35",BRL,PIX_SAIDA,  Juliana Costa  ,459.101.203-72,79616-5,Banco Central,auditoria@pix.com,189.10.25.230,iPhone,AWS_SA_EAST_1
TXB-998877231-BR,2026-01-27T16:51:00.000Z,2412.94,BRL,PIX_SAIDA,  Roney Teste  ,45910120372,79616-5,Banco Central,auditoria@pix.com,189.10.25.231,iPhone,AZURE_BRAZIL_SOUTH
TXB-998877232-BR,2026-01-27T16:52:00.000Z,"R$ 1664,11",BRL,PIX_SAIDA,  Ana Silva  ,459.101.203-72,79616-5,Banco Central,auditoria@pix.com,189.10.25.232,iPhone,AWS_SA_EAST_1
TXB-998877233-BR,2026-01-27T16:53:00.000Z,3675.88,BRL,PIX_SAIDA,  Carlos Souza  ,459.101.203-72,79616-5,Banco Central,auditoria@pix.com,189.10.25.233,iPhone,AZURE_BRAZIL_SOUTH
TXB-998877234-BR,2026-01-27T16:54:00.000Z,"R$ 1151,72",BRL,PIX_SAIDA,  Maria Oliveira  ,45910120372,79616-5,Banco Central,auditoria@pix.com,189.10.25.234,iPhone,AWS_SA_EAST_1
TXB-998877235-BR,2026-01-27T16:55:00.000Z,586.53,BRL,PIX_SAIDA,  Ricardo Santos  ,459.101.203-72,79616-5,Banco Central,auditoria@pix.com,189.10.25.235,iPhone,AZURE_BRAZIL_SOUTH
TXB-998877236-BR,2026-01-27T16:56:00.000Z,"R$ 427,80",BRL,PIX_SAIDA,  Bruno Lima  ,459.101.203-72,79616-5,Banco Central,auditoria@pix.com,189.10.25.236,iPhone,AWS_SA_EAST_1
TXB-998877237-BR,2026-01-27T16:57:00.000Z,651.50,BRL,PIX_SAIDA,  Juliana Costa  ,45910120372,79616-5,Banco Central,auditoria@pix.com,189.10.25.237,iPhone,AZURE_BRAZIL_SOUTH
TXB-998877238-BR,2026-01-27T16:58:00.000Z,"R$ 4907,37",BRL,PIX_SAIDA,  Roney Teste  ,459.101.203-72,79616-5,Banco Central,auditoria@pix.com,189.10.25.238,iPhone,AWS_SA_EAST_1
TXB-998877239-BR,2026-01-27T16:59:00.000Z,4936.50,BRL,PIX_SAIDA,  Ana Silva  ,459.101.203-72,79616-5,Banco Central,auditoria@pix.com,189.10.25.239,iPhone,AZURE_BRAZIL_SOUTH
TXB-998877240-BR,2026-01-27T17:00:00.000Z,"R$ 2415,19",BRL,PIX_SAIDA,  Carlos Souza  ,45910120372,79616-5,Banco Central,auditoria@pix.com,189.10.25.240,iPhone,AWS_SA_EAST_1
TXB-998877241-BR,2026-01-27T17:01:00.000Z,288.74,BRL,PIX_SAIDA,  Maria Oliveira  ,459.101.203-72,79616-5,Banco Central,auditoria@pix.com,189.10.25.241,iPhone,AZURE_BRAZIL_SOUTH
TXB-998877242-BR,2026-01-27T17:02:00.000Z,"R$ 1815,53",BRL,PIX_SAIDA,  Ricardo Santos  ,459.101.203-72,79616-5,Banco Central,auditoria@pix.com,189.10.25.242,iPhone,AWS_SA_EAST_1
TXB-998877243-BR,2026-01-27T17:03:00.000Z,4876.45,BRL,PIX_SAIDA,  Bruno Lima  ,45910120372,79616-5,Banco Central,auditoria@pix.com,189.10.25.243,iPhone,AZURE_BRAZIL_SOUTH
TXB-998877244-BR,2026-01-27T17:04:00.000Z,"R$ 4896,46",BRL,PIX_SAIDA,  Juliana Costa  ,459.101.203-72,79616-5,Banco Central,auditoria@pix.com,189.10.25.244,iPhone,AWS_SA_EAST_1
TXB-998877245-BR,2026-01-27T17:05:00.000Z,381.05,BRL,PIX_SAIDA,  Roney Teste  ,459.101.203-72,79616-5,Banco Central,auditoria@pix.com,189.10.25.245,iPhone,AZURE_BRAZIL_SOUTH
TXB-998877246-BR,2026-01-27T17:06:00.000Z,"R$ 3784,76",BRL,PIX_SAIDA,  Ana Silva  ,45910120372,79616-5,Banco Central,auditoria@pix.com,189.10.25.246,iPhone,AWS_SA_EAST_1
TXB-998877247-BR,2026-01-27T17:07:00.000Z,2255.28,BRL,PIX_SAIDA,  Carlos Souza  ,459.101.203-72,79616-5,Banco Central,auditoria@pix.com,189.10.25.247,iPhone,AZURE_BRAZIL_SOUTH
TXB-998877248-BR,2026-01-27T17:08:00.000Z,"R$ 707,03",BRL,PIX_SAIDA,  Maria Oliveira  ,459.101.203-72,79616-5,Banco Central,auditoria@pix.com,189.10.25.248,iPhone,AWS_SA_EAST_1
TXB-998877249-BR,2026-01-27T17:09:00.000Z,2864.16,BRL,PIX_SAIDA,  Ricardo Santos  ,45910120372,79616-5,Banco Central,auditoria@pix.com,189.10.25.249,iPhone,AZURE_BRAZIL_SOUTH
TXB-998877250-BR,2026-01-27T17:10:00.000Z,"R$ 1781,00",BRL,PIX_SAIDA,  Bruno Lima  ,459.101.203-72,79616-5,Banco Central,auditoria@pix.com,189.10.25.250,iPhone,AWS_SA_EAST_1
TXB-998877251-BR,2026-01-27T17:11:00.000Z,4940.74,BRL,PIX_SAIDA,  Juliana Costa  ,459.101.203-72,79616-5,Banco Central,auditoria@pix.com,189.10.25.251,iPhone,AZURE_BRAZIL_SOUTH
TXB-998877252-BR,2026-01-27T17:12:00.000Z,"R$ 1050,21",BRL,PIX_SAIDA,  Roney Teste  ,45910120372,79616-5,Banco Central,auditoria@pix.com,189.10.25.252,iPhone,AWS_SA_EAST_1
TXB-998877253-BR,2026-01-27T17:13:00.000Z,3463.09,BRL,PIX_SAIDA,  Ana Silva  ,459.101.203-72,79616-5,Banco Central,auditoria@pix.com,189.10.25.253,iPhone,AZURE_BRAZIL_SOUTH
TXB-998877254-BR,2026-01-27T17:14:00.000Z,"R$ 1027,81",BRL,PIX_SAIDA,  Carlos Souza  ,459.101.203-72,79616-5,Banco Central,auditoria@pix.com,189.10.25.254,iPhone,AWS_SA_EAST_1
TXB-998877255-BR,2026-01-27T17:15:00.000Z,1284.93,BRL,PIX_SAIDA,  Maria Oliveira  ,45910120372,79616-5,Banco Central,auditoria@pix.com,189.10.25.255,iPhone,AZURE_BRAZIL_SOUTH
TXB-998877256-BR,2026-01-27T17:16:00.000Z,"R$ 2176,84",BRL,PIX_SAIDA,  Ricardo Santos  ,459.101.203-72,79616-5,Banco Central,auditoria@pix.com,189.10.25.256,iPhone,AWS_SA_EAST_1
TXB-998877257-BR,2026-01-27T17:17:00.000Z,4547.19,BRL,PIX_SAIDA,  Bruno Lima  ,459.101.203-72,79616-5,Banco Central,auditoria@pix.com,189.10.25.257,iPhone,AZURE_BRAZIL_SOUTH
TXB-998877258-BR,2026-01-27T17:18:00.000Z,"R$ 606,43",BRL,PIX_SAIDA,  Juliana Costa  ,45910120372,79616-5,Banco Central,auditoria@pix.com,189.10.25.258,iPhone,AWS_SA_EAST_1
TXB-998877259-BR,2026-01-27T17:19:00.000Z,2920.38,BRL,PIX_SAIDA,  Roney Teste  ,459.101.203-72,79616-5,Banco Central,auditoria@pix.com,189.10.25.259,iPhone,AZURE_BRAZIL_SOUTH
TXB-998877260-BR,2026-01-27T17:20:00.000Z,"R$ 2138,77",BRL,PIX_SAIDA,  Ana Silva  ,459.101.203-72,79616-5,Banco Central,auditoria@pix.com,189.10.25.260,iPhone,AWS_SA_EAST_1
TXB-998877261-BR,2026-01-27T17:21:00.000Z,4828.34,BRL,PIX_SAIDA,  Carlos Souza  ,45910120372,79616-5,Banco Central,auditoria@pix.com,189.10.25.261,iPhone,AZURE_BRAZIL_SOUTH
TXB-998877262-BR,2026-01-27T17:22:00.000Z,"R$ 2231,70",BRL,PIX_SAIDA,  Maria Oliveira  ,459.101.203-72,79616-5,Banco Central,auditoria@pix.com,189.10.25.262,iPhone,AWS_SA_EAST_1
TXB-998877263-BR,2026-01-27T17:23:00.000Z,1640.82,BRL,PIX_SAIDA,  Ricardo Santos  ,459.101.203-72,79616-5,Banco Central,auditoria@pix.com,189.10.25.263,iPhone,AZURE_BRAZIL_SOUTH
TXB-998877264-BR,2026-01-27T17:24:00.000Z,"R$ 3554,28",BRL,PIX_SAIDA,  Bruno Lima  ,45910120372,79616-5,Banco Central,auditoria@pix.com,189.10.25.264,iPhone,AWS_SA_EAST_1
TXB-998877265-BR,2026-01-27T17:25:00.000Z,4190.72,BRL,PIX_SAIDA,  Juliana Costa  ,459.101.203-72,79616-5,Banco Central,auditoria@pix.com,189.10.25.265,iPhone,AZURE_BRAZIL_SOUTH
TXB-998877266-BR,2026-01-27T17:26:00.000Z,"R$ 923,06",BRL,PIX_SAIDA,  Roney Teste  ,459.101.203-72,79616-5,Banco Central,auditoria@pix.com,189.10.25.266,iPhone,AWS_SA_EAST_1
TXB-998877267-BR,2026-01-27T17:27:00.000Z,4385.18,BRL,PIX_SAIDA,  Ana Silva  ,45910120372,79616-5,Banco Central,auditoria@pix.com,189.10.25.267,iPhone,AZURE_BRAZIL_SOUTH
TXB-998877268-BR,2026-01-27T17:28:00.000Z,"R$ 2779,66",BRL,PIX_SAIDA,  Carlos Souza  ,459.101.203-72,79616-5,Banco Central,auditoria@pix.com,189.10.25.268,iPhone,AWS_SA_EAST_1
TXB-998877269-BR,2026-01-27T17:29:00.000Z,2833.43,BRL,PIX_SAIDA,  Maria Oliveira  ,459.101.203-72,79616-5,Banco Central,auditoria@pix.com,189.10.25.269,iPhone,AZURE_BRAZIL_SOUTH
TXB-998877270-BR,2026-01-27T17:30:00.000Z,"R$ 3288,86",BRL,PIX_SAIDA,  Ricardo Santos  ,45910120372,79616-5,Banco Central,auditoria@pix.com,189.10.25.270,iPhone,AWS_SA_EAST_1
TXB-998877271-BR,2026-01-27T17:31:00.000Z,1930.77,BRL,PIX_SAIDA,  Bruno Lima  ,459.101.203-72,79616-5,Banco Central,auditoria@pix.com,189.10.25.271,iPhone,AZURE_BRAZIL_SOUTH
TXB-998877272-BR,2026-01-27T17:32:00.000Z,"R$ 1748,67",BRL,PIX_SAIDA,  Juliana Costa  ,459.101.203-72,79616-5,Banco Central,auditoria@pix.com,189.10.25.272,iPhone,AWS_SA_EAST_1
TXB-998877273-BR,2026-01-27T17:33:00.000Z,3061.12,BRL,PIX_SAIDA,  Roney Teste  ,45910120372,79616-5,Banco Central,auditoria@pix.com,189.10.25.273,iPhone,AZURE_BRAZIL_SOUTH
TXB-998877274-BR,2026-01-27T17:34:00.000Z,"R$ 293,03",BRL,PIX_SAIDA,  Ana Silva  ,459.101.203-72,79616-5,Banco Central,auditoria@pix.com,189.10.25.274,iPhone,AWS_SA_EAST_1
TXB-998877275-BR,2026-01-27T17:35:00.000Z,4125.77,BRL,PIX_SAIDA,  Carlos Souza  ,459.101.203-72,79616-5,Banco Central,auditoria@pix.com,189.10.25.275,iPhone,AZURE_BRAZIL_SOUTH
TXB-998877276-BR,2026-01-27T17:36:00.000Z,"R$ 4443,09",BRL,PIX_SAIDA,  Maria Oliveira  ,45910120372,79616-5,Banco Central,auditoria@pix.com,189.10.25.276,iPhone,AWS_SA_EAST_1
TXB-998877277-BR,2026-01-27T17:37:00.000Z,1872.99,BRL,PIX_SAIDA,  Ricardo Santos  ,459.101.203-72,79616-5,Banco Central,auditoria@pix.com,189.10.25.277,iPhone,AZURE_BRAZIL_SOUTH
TXB-998877278-BR,2026-01-27T17:38:00.000Z,"R$ 3383,68",BRL,PIX_SAIDA,  Bruno Lima  ,459.101.203-72,79616-5,Banco Central,auditoria@pix.com,189.10.25.278,iPhone,AWS_SA_EAST_1
TXB-998877279-BR,2026-01-27T17:39:00.000Z,3196.55,BRL,PIX_SAIDA,  Juliana Costa  ,45910120372,79616-5,Banco Central,auditoria@pix.com,189.10.25.279,iPhone,AZURE_BRAZIL_SOUTH
TXB-998877280-BR,2026-01-27T17:40:00.000Z,"R$ 3913,59",BRL,PIX_SAIDA,  Roney Teste  ,459.101.203-72,79616-5,Banco Central,auditoria@pix.com,189.10.25.280,iPhone,AWS_SA_EAST_1
TXB-998877281-BR,2026-01-27T17:41:00.000Z,3398.39,BRL,PIX_SAIDA,  Ana Silva  ,459.101.203-72,79616-5,Banco Central,auditoria@pix.com,189.10.25.281,iPhone,AZURE_BRAZIL_SOUTH
TXB-998877282-BR,2026-01-27T17:42:00.000Z,"R$ 4628,19",BRL,PIX_SAIDA,  Carlos Souza  ,45910120372,79616-5,Banco Central,auditoria@pix.com,189.10.25.282,iPhone,AWS_SA_EAST_1
TXB-998877283-BR,2026-01-27T17:43:00.000Z,4647.51,BRL,PIX_SAIDA,  Maria Oliveira  ,459.101.203-72,79616-5,Banco Central,auditoria@pix.com,189.10.25.283,iPhone,AZURE_BRAZIL_SOUTH
TXB-998877284-BR,2026-01-27T17:44:00.000Z,"R$ 4148,72",BRL,PIX_SAIDA,  Ricardo Santos  ,459.101.203-72,79616-5,Banco Central,auditoria@pix.com,189.10.25.284,iPhone,AWS_SA_EAST_1
TXB-998877285-BR,2026-01-27T17:45:00.000Z,4018.73,BRL,PIX_SAIDA,  Bruno Lima  ,45910120372,79616-5,Banco Central,auditoria@pix.com,189.10.25.285,iPhone,AZURE_BRAZIL_SOUTH
TXB-998877286-BR,2026-01-27T17:46:00.000Z,"R$ 282,41",BRL,PIX_SAIDA,  Juliana Costa  ,459.101.203-72,79616-5,Banco Central,auditoria@pix.com,189.10.25.286,iPhone,AWS_SA_EAST_1
TXB-998877287-BR,2026-01-27T17:47:00.000Z,4695.02,BRL,PIX_SAIDA,  Roney Teste  ,459.101.203-72,79616-5,Banco Central,auditoria@pix.com,189.10.25.287,iPhone,AZURE_BRAZIL_SOUTH
TXB-998877288-BR,2026-01-27T17:48:00.000Z,"R$ 4591,78",BRL,PIX_SAIDA,  Ana Silva  ,45910120372,79616-5,Banco Central,auditoria@pix.com,189.10.25.288,iPhone,AWS_SA_EAST_1
TXB-998877289-BR,2026-01-27T17:49:00.000Z,544.55,BRL,PIX_SAIDA,  Carlos Souza  ,459.101.203-72,79616-5,Banco Central,auditoria@pix.com,189.10.25.289,iPhone,AZURE_BRAZIL_SOUTH
TXB-998877290-BR,2026-01-27T17:50:00.000Z,"R$ 4489,51",BRL,PIX_SAIDA,  Maria Oliveira  ,459.101.203-72,79616-5,Banco Central,auditoria@pix.com,189.10.25.290,iPhone,AWS_SA_EAST_1
TXB-998877291-BR,2026-01-27T17:51:00.000Z,3510.29,BRL,PIX_SAIDA,  Ricardo Santos  ,45910120372,79616-5,Banco Central,auditoria@pix.com,189.10.25.291,iPhone,AZURE_BRAZIL_SOUTH
TXB-998877292-BR,2026-01-27T17:52:00.000Z,"R$ 2627,87",BRL,PIX_SAIDA,  Bruno Lima  ,459.101.203-72,79616-5,Banco Central,auditoria@pix.com,189.10.25.292,iPhone,AWS_SA_EAST_1
TXB-998877293-BR,2026-01-27T17:53:00.000Z,3988.47,BRL,PIX_SAIDA,  Juliana Costa  ,459.101.203-72,79616-5,Banco Central,auditoria@pix.com,189.10.25.293,iPhone,AZURE_BRAZIL_SOUTH
TXB-998877294-BR,2026-01-27T17:54:00.000Z,"R$ 4821,84",BRL,PIX_SAIDA,  Roney Teste  ,45910120372,79616-5,Banco Central,auditoria@pix.com,189.10.25.294,iPhone,AWS_SA_EAST_1
TXB-998877295-BR,2026-01-27T17:55:00.000Z,4659.21,BRL,PIX_SAIDA,  Ana Silva  ,459.101.203-72,79616-5,Banco Central,auditoria@pix.com,189.10.25.295,iPhone,AZURE_BRAZIL_SOUTH
TXB-998877296-BR,2026-01-27T17:56:00.000Z,"R$ 3742,15",BRL,PIX_SAIDA,  Carlos Souza  ,459.101.203-72,79616-5,Banco Central,auditoria@pix.com,189.10.25.296,iPhone,AWS_SA_EAST_1
TXB-998877297-BR,2026-01-27T17:57:00.000Z,4439.15,BRL,PIX_SAIDA,  Maria Oliveira  ,45910120372,79616-5,Banco Central,auditoria@pix.com,189.10.25.297,iPhone,AZURE_BRAZIL_SOUTH
TXB-998877298-BR,2026-01-27T17:58:00.000Z,"R$ 1891,39",BRL,PIX_SAIDA,  Ricardo Santos  ,459.101.203-72,79616-5,Banco Central,auditoria@pix.com,189.10.25.298,iPhone,AWS_SA_EAST_1
TXB-998877299-BR,2026-01-27T17:59:00.000Z,1334.31,BRL,PIX_SAIDA,  Bruno Lima  ,459.101.203-72,79616-5,Banco Central,auditoria@pix.com,189.10.25.299,iPhone,AZURE_BRAZIL_SOUTH
